<?xml version="1.0" encoding="UTF-8" ?>
<!DOCTYPE mapper PUBLIC "-//mybatis.org//DTD Mapper 3.0//EN" "http://mybatis.org/dtd/mybatis-3-mapper.dtd" >
<mapper namespace="com.cstp.dao.GoodsOfOrderFormMapper">
    <resultMap id="BaseResultMap" type="com.cstp.pojo.GoodsOfOrderForm">
        <id column="id" property="id" jdbcType="INTEGER"/>
        <result column="ofid" property="ofid" jdbcType="INTEGER"/>
        <result column="sid" property="sid" jdbcType="INTEGER"/>
        <result column="modified" property="modified" jdbcType="TIMESTAMP"/>
        <result column="quantity" property="quantity" jdbcType="INTEGER"/>
        <result column="display" property="display" jdbcType="INTEGER"/>
    </resultMap>

    <sql id="table">
        goodsoforderform
    </sql>

    <sql id="all">
        id, ofid, sid, modified, quantity, display
    </sql>
    <select id="selectByPrimaryKey" resultMap="BaseResultMap" parameterType="java.lang.Integer">
        select
        <include refid="all"/>
        from
        <include refid="table"/>
        where id = #{id,jdbcType=INTEGER}
    </select>
    <select id="selectByOFid" resultMap="BaseResultMap" parameterType="java.lang.Integer">
        select
        <include refid="all"/>
        from
        <include refid="table"/>
        where ofid = #{ofid,jdbcType=INTEGER} and display=1 order by id DESC
    </select>
    <delete id="deleteByPrimaryKey" parameterType="java.lang.Integer">
        delete from
        <include refid="table"/>
        where id = #{id,jdbcType=INTEGER}
    </delete>
    <insert id="insert" parameterType="com.cstp.pojo.GoodsOfOrderForm">
        insert into
        <include refid="table"/>
        (id, ofid, sid,
        modified, quantity, display
        )
        values (#{id,jdbcType=INTEGER}, #{ofid,jdbcType=INTEGER}, #{sid,jdbcType=INTEGER},
        #{modified,jdbcType=TIMESTAMP}, #{quantity,jdbcType=INTEGER}, #{display,jdbcType=INTEGER}
        )
    </insert>
    <insert id="insertSelective" parameterType="com.cstp.pojo.GoodsOfOrderForm">
        insert into
        <include refid="table"/>
        <trim prefix="(" suffix=")" suffixOverrides=",">
            <if test="id != null">
                id,
            </if>
            <if test="ofid != null">
                ofid,
            </if>
            <if test="sid != null">
                sid,
            </if>
            <if test="modified != null">
                modified,
            </if>
            <if test="quantity != null">
                quantity,
            </if>
            <if test="display != null">
                display,
            </if>
        </trim>
        <trim prefix="values (" suffix=")" suffixOverrides=",">
            <if test="id != null">
                #{id,jdbcType=INTEGER},
            </if>
            <if test="ofid != null">
                #{ofid,jdbcType=INTEGER},
            </if>
            <if test="sid != null">
                #{sid,jdbcType=INTEGER},
            </if>
            <if test="modified != null">
                #{modified,jdbcType=TIMESTAMP},
            </if>
            <if test="quantity != null">
                #{quantity,jdbcType=INTEGER},
            </if>
            <if test="display != null">
                #{display,jdbcType=INTEGER},
            </if>
        </trim>
    </insert>
    <update id="updateByPrimaryKeySelective" parameterType="com.cstp.pojo.GoodsOfOrderForm">
        update
        <include refid="table"/>
        <set>
            <if test="ofid != null">
                ofid = #{ofid,jdbcType=INTEGER},
            </if>
            <if test="sid != null">
                sid = #{sid,jdbcType=INTEGER},
            </if>
            <if test="modified != null">
                modified = #{modified,jdbcType=TIMESTAMP},
            </if>
            <if test="quantity != null">
                quantity = #{quantity,jdbcType=INTEGER},
            </if>
            <if test="display != null">
                display = #{display,jdbcType=INTEGER},
            </if>
        </set>
        where id = #{id,jdbcType=INTEGER}
    </update>
    <update id="updateByPrimaryKey" parameterType="com.cstp.pojo.GoodsOfOrderForm">
        update
        <include refid="table"/>
        set ofid = #{ofid,jdbcType=INTEGER},
        sid = #{sid,jdbcType=INTEGER},
        modified = #{modified,jdbcType=TIMESTAMP},
        quantity = #{quantity,jdbcType=INTEGER},
        display = #{display,jdbcType=INTEGER}
        where id = #{id,jdbcType=INTEGER}
    </update>
</mapper>