<?xml version="1.0" encoding="UTF-8" ?>
<!DOCTYPE mapper PUBLIC "-//mybatis.org//DTD Mapper 3.0//EN" "http://mybatis.org/dtd/mybatis-3-mapper.dtd" >
<mapper namespace="com.cstp.dao.GoodsTemplateMapper" >
  <resultMap id="BaseResultMap" type="com.cstp.pojo.GoodsTemplate" >
    <id column="template_id" property="templateId" jdbcType="INTEGER" />
    <result column="user_id" property="userId" jdbcType="INTEGER" />
    <result column="category_id" property="categoryId" jdbcType="INTEGER" />
    <result column="description" property="description" jdbcType="VARCHAR" />
    <result column="freight" property="freight" jdbcType="DECIMAL" />
    <result column="modified" property="modified" jdbcType="TIMESTAMP" />
  </resultMap>

  <sql id="table">
    goods_template
  </sql>

  <sql id="all" >
    template_id, user_id, category_id, description, freight, modified
  </sql>

  <select id="selectByPrimaryKey" resultMap="BaseResultMap" >
    select 
    <include refid="all" />
    from <include refid="table"/>
    where template_id = #{templateId,jdbcType=INTEGER}
  </select>

  <select id="selectByUserId" resultMap="BaseResultMap">
    select
    <include refid="all" />
    from <include refid="table"/>
    where user_id = #{userId,jdbcType=INTEGER}
    order by modified desc
  </select>

  <delete id="deleteByPrimaryKey" parameterType="java.lang.Integer" >
    delete from <include refid="table"/>
    where template_id = #{templateId,jdbcType=INTEGER}
  </delete>

  <insert id="insert" parameterType="com.cstp.pojo.GoodsTemplate" >
    insert into <include refid="table"/> (template_id, user_id, category_id,
      description, freight, modified)
    values (#{templateId,jdbcType=INTEGER}, #{userId,jdbcType=INTEGER}, #{categoryId,jdbcType=INTEGER},
      #{description,jdbcType=VARCHAR}, #{freight,jdbcType=DECIMAL}, #{modified,jdbcType=TIMESTAMP})
  </insert>

  <insert id="insertSelective" parameterType="com.cstp.pojo.GoodsTemplate" >
    insert into <include refid="table"/>
    <trim prefix="(" suffix=")" suffixOverrides="," >
      <if test="templateId != null" >
        template_id,
      </if>
      <if test="userId != null" >
        user_id,
      </if>
      <if test="categoryId != null" >
        category_id,
      </if>
      <if test="description != null" >
        description,
      </if>
      <if test="freight != null" >
        freight,
      </if>
      <if test="modified != null" >
        modified,
      </if>
    </trim>
    <trim prefix="values (" suffix=")" suffixOverrides="," >
      <if test="templateId != null" >
        #{templateId,jdbcType=INTEGER},
      </if>
      <if test="userId != null" >
        #{userId,jdbcType=INTEGER},
      </if>
      <if test="categoryId != null" >
        #{categoryId,jdbcType=INTEGER},
      </if>
      <if test="description != null" >
        #{description,jdbcType=VARCHAR},
      </if>
      <if test="freight != null" >
        #{freight,jdbcType=DECIMAL},
      </if>
      <if test="modified != null" >
        #{modified,jdbcType=TIMESTAMP},
      </if>
    </trim>
  </insert>

  <update id="updateByPrimaryKeySelective" parameterType="com.cstp.pojo.GoodsTemplate" >
    update <include refid="table"/>
    <set >
      <if test="userId != null" >
        user_id = #{userId,jdbcType=INTEGER},
      </if>
      <if test="categoryId != null" >
        category_id = #{categoryId,jdbcType=INTEGER},
      </if>
      <if test="description != null" >
        description = #{description,jdbcType=VARCHAR},
      </if>
      <if test="freight != null" >
        freight = #{freight,jdbcType=DECIMAL},
      </if>
      <if test="modified != null" >
        modified = #{modified,jdbcType=TIMESTAMP},
      </if>
    </set>
    where template_id = #{templateId,jdbcType=INTEGER}
  </update>

  <update id="updateByPrimaryKey" parameterType="com.cstp.pojo.GoodsTemplate" >
    update <include refid="table"/>
    set user_id = #{userId,jdbcType=INTEGER},
      category_id = #{categoryId,jdbcType=INTEGER},
      description = #{description,jdbcType=VARCHAR},
      freight = #{freight,jdbcType=DECIMAL},
      modified = #{modified,jdbcType=TIMESTAMP}
    where template_id = #{templateId,jdbcType=INTEGER}
  </update>
</mapper>

