<?xml version="1.0" encoding="UTF-8" ?>
<!DOCTYPE mapper PUBLIC "-//mybatis.org//DTD Mapper 3.0//EN" "http://mybatis.org/dtd/mybatis-3-mapper.dtd" >
<mapper namespace="com.cstp.dao.MessageMapper">
    <resultMap id="BaseResultMap" type="com.cstp.pojo.Message">
        <id column="id" property="id" jdbcType="INTEGER"/>
        <result column="from_user_id" property="fromUserId" jdbcType="INTEGER"/>
        <result column="to_user_id" property="toUserId" jdbcType="INTEGER"/>
        <result column="content" property="content" jdbcType="VARCHAR"/>
        <result column="message_type" property="messageType" jdbcType="INTEGER"/>
        <result column="bargain_type" property="bargainType" jdbcType="VARCHAR"/>
        <result column="related_id" property="relatedId" jdbcType="INTEGER"/>
        <result column="is_read" property="isRead" jdbcType="INTEGER"/>
        <result column="modified" property="modified" jdbcType="TIMESTAMP"/>
        <result column="display" property="display" jdbcType="INTEGER"/>
    </resultMap>

    <sql id="table">
        message
    </sql>

    <sql id="all">
        id, from_user_id, to_user_id, content, message_type, bargain_type, related_id, is_read, modified, display
    </sql>

    <select id="selectByPrimaryKey" resultMap="BaseResultMap" parameterType="java.lang.Integer">
        select
        <include refid="all"/>
        from
        <include refid="table"/>
        where id = #{id,jdbcType=INTEGER}
    </select>

    <select id="selectByToUserId" resultMap="BaseResultMap">
        select
        <include refid="all"/>
        from
        <include refid="table"/>
        where to_user_id = #{toUserId,jdbcType=INTEGER}
        and display = 1
        <if test="messageType != null">
            and message_type = #{messageType,jdbcType=INTEGER}
        </if>
        order by modified desc
        limit #{start,jdbcType=INTEGER}, #{limit,jdbcType=INTEGER}
    </select>

    <select id="countUnread" resultType="java.lang.Integer">
        select count(id)
        from
        <include refid="table"/>
        where to_user_id = #{toUserId,jdbcType=INTEGER}
        and is_read = 0
        and display = 1
        <if test="messageType != null">
            and message_type = #{messageType,jdbcType=INTEGER}
        </if>
    </select>

    <delete id="deleteByPrimaryKey" parameterType="java.lang.Integer">
        delete from
        <include refid="table"/>
        where id = #{id,jdbcType=INTEGER}
    </delete>

    <insert id="insert" parameterType="com.cstp.pojo.Message">
        insert into
        <include refid="table"/>
        (id, from_user_id, to_user_id, content, message_type, bargain_type, related_id, is_read, modified, display)
        values (#{id,jdbcType=INTEGER}, #{fromUserId,jdbcType=INTEGER}, #{toUserId,jdbcType=INTEGER},
                #{content,jdbcType=VARCHAR}, #{messageType,jdbcType=INTEGER}, #{bargainType,jdbcType=VARCHAR},
                #{relatedId,jdbcType=INTEGER}, #{isRead,jdbcType=INTEGER}, #{modified,jdbcType=TIMESTAMP},
                #{display,jdbcType=INTEGER})
    </insert>

    <insert id="insertSelective" parameterType="com.cstp.pojo.Message">
        insert into
        <include refid="table"/>
        <trim prefix="(" suffix=")" suffixOverrides=",">
            <if test="id != null">id,</if>
            <if test="fromUserId != null">from_user_id,</if>
            <if test="toUserId != null">to_user_id,</if>
            <if test="content != null">content,</if>
            <if test="messageType != null">message_type,</if>
            <if test="bargainType != null">bargain_type,</if>
            <if test="relatedId != null">related_id,</if>
            <if test="isRead != null">is_read,</if>
            <if test="modified != null">modified,</if>
            <if test="display != null">display,</if>
        </trim>
        <trim prefix="values (" suffix=")" suffixOverrides=",">
            <if test="id != null">#{id,jdbcType=INTEGER},</if>
            <if test="fromUserId != null">#{fromUserId,jdbcType=INTEGER},</if>
            <if test="toUserId != null">#{toUserId,jdbcType=INTEGER},</if>
            <if test="content != null">#{content,jdbcType=VARCHAR},</if>
            <if test="messageType != null">#{messageType,jdbcType=INTEGER},</if>
            <if test="bargainType != null">#{bargainType,jdbcType=VARCHAR},</if>
            <if test="relatedId != null">#{relatedId,jdbcType=INTEGER},</if>
            <if test="isRead != null">#{isRead,jdbcType=INTEGER},</if>
            <if test="modified != null">#{modified,jdbcType=TIMESTAMP},</if>
            <if test="display != null">#{display,jdbcType=INTEGER},</if>
        </trim>
    </insert>

    <update id="updateByPrimaryKeySelective" parameterType="com.cstp.pojo.Message">
        update
        <include refid="table"/>
        <set>
            <if test="fromUserId != null">from_user_id = #{fromUserId,jdbcType=INTEGER},</if>
            <if test="toUserId != null">to_user_id = #{toUserId,jdbcType=INTEGER},</if>
            <if test="content != null">content = #{content,jdbcType=VARCHAR},</if>
            <if test="messageType != null">message_type = #{messageType,jdbcType=INTEGER},</if>
            <if test="bargainType != null">bargain_type = #{bargainType,jdbcType=VARCHAR},</if>
            <if test="relatedId != null">related_id = #{relatedId,jdbcType=INTEGER},</if>
            <if test="isRead != null">is_read = #{isRead,jdbcType=INTEGER},</if>
            <if test="modified != null">modified = #{modified,jdbcType=TIMESTAMP},</if>
            <if test="display != null">display = #{display,jdbcType=INTEGER},</if>
        </set>
        where id = #{id,jdbcType=INTEGER}
    </update>

    <update id="updateByPrimaryKey" parameterType="com.cstp.pojo.Message">
        update
        <include refid="table"/>
        set from_user_id = #{fromUserId,jdbcType=INTEGER},
            to_user_id = #{toUserId,jdbcType=INTEGER},
            content = #{content,jdbcType=VARCHAR},
            message_type = #{messageType,jdbcType=INTEGER},
            bargain_type = #{bargainType,jdbcType=VARCHAR},
            related_id = #{relatedId,jdbcType=INTEGER},
            is_read = #{isRead,jdbcType=INTEGER},
            modified = #{modified,jdbcType=TIMESTAMP},
            display = #{display,jdbcType=INTEGER}
        where id = #{id,jdbcType=INTEGER}
    </update>

    <update id="markAsRead" parameterType="java.lang.Integer">
        update
        <include refid="table"/>
        set is_read = 1, modified = now()
        where id = #{id,jdbcType=INTEGER}
    </update>
</mapper>

