<?xml version="1.0" encoding="UTF-8" ?>
<!DOCTYPE mapper PUBLIC "-//mybatis.org//DTD Mapper 3.0//EN" "http://mybatis.org/dtd/mybatis-3-mapper.dtd" >
<mapper namespace="com.cstp.dao.OrderReminderMapper" >
  <resultMap id="BaseResultMap" type="com.cstp.pojo.OrderReminder" >
    <id column="id" property="id" jdbcType="INTEGER" />
    <result column="order_id" property="orderId" jdbcType="INTEGER" />
    <result column="user_id" property="userId" jdbcType="INTEGER" />
    <result column="reminder_type" property="reminderType" jdbcType="VARCHAR" />
    <result column="reminder_time" property="reminderTime" jdbcType="TIMESTAMP" />
    <result column="is_sent" property="isSent" jdbcType="TINYINT" />
    <result column="sent_time" property="sentTime" jdbcType="TIMESTAMP" />
    <result column="created_time" property="createdTime" jdbcType="TIMESTAMP" />
  </resultMap>

  <sql id="table">
    order_reminder
  </sql>

  <sql id="all" >
    id, order_id, user_id, reminder_type, reminder_time, is_sent, sent_time, created_time
  </sql>

  <select id="selectByPrimaryKey" resultMap="BaseResultMap" parameterType="java.lang.Integer" >
    select 
    <include refid="all" />
    from <include refid="table"/>
    where id = #{id,jdbcType=INTEGER}
  </select>

  <select id="selectPendingReminders" resultMap="BaseResultMap">
    select
    <include refid="all"/>
    from <include refid="table"/>
    where is_sent = 0 and reminder_time &lt;= NOW()
    order by reminder_time ASC
  </select>

  <insert id="insert" parameterType="com.cstp.pojo.OrderReminder" >
    insert into <include refid="table"/> (id, order_id, user_id, reminder_type, 
      reminder_time, is_sent, sent_time, created_time)
    values (#{id,jdbcType=INTEGER}, #{orderId,jdbcType=INTEGER}, #{userId,jdbcType=INTEGER}, 
      #{reminderType,jdbcType=VARCHAR}, #{reminderTime,jdbcType=TIMESTAMP}, 
      #{isSent,jdbcType=TINYINT}, #{sentTime,jdbcType=TIMESTAMP}, #{createdTime,jdbcType=TIMESTAMP})
  </insert>

  <insert id="insertSelective" parameterType="com.cstp.pojo.OrderReminder" >
    insert into <include refid="table"/>
    <trim prefix="(" suffix=")" suffixOverrides="," >
      <if test="id != null" >
        id,
      </if>
      <if test="orderId != null" >
        order_id,
      </if>
      <if test="userId != null" >
        user_id,
      </if>
      <if test="reminderType != null" >
        reminder_type,
      </if>
      <if test="reminderTime != null" >
        reminder_time,
      </if>
      <if test="isSent != null" >
        is_sent,
      </if>
      <if test="sentTime != null" >
        sent_time,
      </if>
      <if test="createdTime != null" >
        created_time,
      </if>
    </trim>
    <trim prefix="values (" suffix=")" suffixOverrides="," >
      <if test="id != null" >
        #{id,jdbcType=INTEGER},
      </if>
      <if test="orderId != null" >
        #{orderId,jdbcType=INTEGER},
      </if>
      <if test="userId != null" >
        #{userId,jdbcType=INTEGER},
      </if>
      <if test="reminderType != null" >
        #{reminderType,jdbcType=VARCHAR},
      </if>
      <if test="reminderTime != null" >
        #{reminderTime,jdbcType=TIMESTAMP},
      </if>
      <if test="isSent != null" >
        #{isSent,jdbcType=TINYINT},
      </if>
      <if test="sentTime != null" >
        #{sentTime,jdbcType=TIMESTAMP},
      </if>
      <if test="createdTime != null" >
        #{createdTime,jdbcType=TIMESTAMP},
      </if>
    </trim>
  </insert>

  <update id="updateByPrimaryKeySelective" parameterType="com.cstp.pojo.OrderReminder" >
    update <include refid="table"/>
    <set >
      <if test="orderId != null" >
        order_id = #{orderId,jdbcType=INTEGER},
      </if>
      <if test="userId != null" >
        user_id = #{userId,jdbcType=INTEGER},
      </if>
      <if test="reminderType != null" >
        reminder_type = #{reminderType,jdbcType=VARCHAR},
      </if>
      <if test="reminderTime != null" >
        reminder_time = #{reminderTime,jdbcType=TIMESTAMP},
      </if>
      <if test="isSent != null" >
        is_sent = #{isSent,jdbcType=TINYINT},
      </if>
      <if test="sentTime != null" >
        sent_time = #{sentTime,jdbcType=TIMESTAMP},
      </if>
    </set>
    where id = #{id,jdbcType=INTEGER}
  </update>

  <update id="markAsSent">
    update <include refid="table"/>
    set is_sent = 1, sent_time = NOW()
    where id = #{id}
  </update>
</mapper>

