<?xml version="1.0" encoding="UTF-8" ?>
<!DOCTYPE mapper PUBLIC "-//mybatis.org//DTD Mapper 3.0//EN" "http://mybatis.org/dtd/mybatis-3-mapper.dtd" >
<mapper namespace="com.cstp.dao.OrderOperationLogMapper" >
  <resultMap id="BaseResultMap" type="com.cstp.pojo.OrderOperationLog" >
    <id column="id" property="id" jdbcType="INTEGER" />
    <result column="order_id" property="orderId" jdbcType="INTEGER" />
    <result column="operator_id" property="operatorId" jdbcType="INTEGER" />
    <result column="operation_type" property="operationType" jdbcType="VARCHAR" />
    <result column="operation_desc" property="operationDesc" jdbcType="VARCHAR" />
    <result column="created_time" property="createdTime" jdbcType="TIMESTAMP" />
  </resultMap>

  <sql id="table">
    order_operation_log
  </sql>

  <sql id="all" >
    id, order_id, operator_id, operation_type, operation_desc, created_time
  </sql>

  <select id="selectByPrimaryKey" resultMap="BaseResultMap" parameterType="java.lang.Integer" >
    select 
    <include refid="all" />
    from <include refid="table"/>
    where id = #{id,jdbcType=INTEGER}
  </select>

  <select id="selectByOrderId" resultMap="BaseResultMap" parameterType="java.lang.Integer">
    select
    <include refid="all"/>
    from <include refid="table"/>
    where order_id = #{orderId}
    order by created_time DESC
  </select>

  <insert id="insert" parameterType="com.cstp.pojo.OrderOperationLog" >
    insert into <include refid="table"/> (id, order_id, operator_id, operation_type, 
      operation_desc, created_time)
    values (#{id,jdbcType=INTEGER}, #{orderId,jdbcType=INTEGER}, #{operatorId,jdbcType=INTEGER}, 
      #{operationType,jdbcType=VARCHAR}, #{operationDesc,jdbcType=VARCHAR}, 
      #{createdTime,jdbcType=TIMESTAMP})
  </insert>

  <insert id="insertSelective" parameterType="com.cstp.pojo.OrderOperationLog" >
    insert into <include refid="table"/>
    <trim prefix="(" suffix=")" suffixOverrides="," >
      <if test="id != null" >
        id,
      </if>
      <if test="orderId != null" >
        order_id,
      </if>
      <if test="operatorId != null" >
        operator_id,
      </if>
      <if test="operationType != null" >
        operation_type,
      </if>
      <if test="operationDesc != null" >
        operation_desc,
      </if>
      <if test="createdTime != null" >
        created_time,
      </if>
    </trim>
    <trim prefix="values (" suffix=")" suffixOverrides="," >
      <if test="id != null" >
        #{id,jdbcType=INTEGER},
      </if>
      <if test="orderId != null" >
        #{orderId,jdbcType=INTEGER},
      </if>
      <if test="operatorId != null" >
        #{operatorId,jdbcType=INTEGER},
      </if>
      <if test="operationType != null" >
        #{operationType,jdbcType=VARCHAR},
      </if>
      <if test="operationDesc != null" >
        #{operationDesc,jdbcType=VARCHAR},
      </if>
      <if test="createdTime != null" >
        #{createdTime,jdbcType=TIMESTAMP},
      </if>
    </trim>
  </insert>
</mapper>

