<?xml version="1.0" encoding="UTF-8" ?>
<!DOCTYPE mapper PUBLIC "-//mybatis.org//DTD Mapper 3.0//EN" "http://mybatis.org/dtd/mybatis-3-mapper.dtd" >
<mapper namespace="com.cstp.dao.ShopPictureMapper" >
  <resultMap id="BaseResultMap" type="com.cstp.pojo.ShopPicture" >
    <id column="id" property="id" jdbcType="INTEGER" />
    <result column="modified" property="modified" jdbcType="TIMESTAMP" />
    <result column="sid" property="sid" jdbcType="INTEGER" />
    <result column="picture" property="picture" jdbcType="VARCHAR" />
    <result column="display" property="display" jdbcType="INTEGER" />
  </resultMap>

  <sql id="table">
    shoppicture
  </sql>

  <sql id="Base_Column_List" >
    id, modified, sid, picture, display
  </sql>
  <select id="selectByPrimaryKey" resultMap="BaseResultMap" parameterType="java.lang.Integer" >
    select 
    <include refid="Base_Column_List" />
    from <include refid="table"/>
    where id = #{id,jdbcType=INTEGER}
  </select>
  <select id="selectBySidOnlyOne" resultMap="BaseResultMap">
    select
    <include refid="Base_Column_List" />
    from <include refid="table"/>
    where sid = #{sid,jdbcType=INTEGER} and display = 1
    limit 1
  </select>
  <select id="selectBySid" resultMap="BaseResultMap">
    select
    <include refid="Base_Column_List" />
    from <include refid="table"/>
    where sid = #{sid,jdbcType=INTEGER} and display = 1
  </select>
  <delete id="deleteByPrimaryKey" parameterType="java.lang.Integer" >
    delete from <include refid="table"/>
    where id = #{id,jdbcType=INTEGER}
  </delete>
  <insert id="insert" parameterType="com.cstp.pojo.ShopPicture" >
    insert into <include refid="table"/> (id, modified, sid,
      picture, display)
    values (#{id,jdbcType=INTEGER}, #{modified,jdbcType=TIMESTAMP}, #{sid,jdbcType=INTEGER}, 
      #{picture,jdbcType=VARCHAR}, #{display,jdbcType=INTEGER})
  </insert>
  <insert id="insertSelective" parameterType="com.cstp.pojo.ShopPicture" >
    insert into <include refid="table"/>
    <trim prefix="(" suffix=")" suffixOverrides="," >
      <if test="id != null" >
        id,
      </if>
      <if test="modified != null" >
        modified,
      </if>
      <if test="sid != null" >
        sid,
      </if>
      <if test="picture != null" >
        picture,
      </if>
      <if test="display != null" >
        display,
      </if>
    </trim>
    <trim prefix="values (" suffix=")" suffixOverrides="," >
      <if test="id != null" >
        #{id,jdbcType=INTEGER},
      </if>
      <if test="modified != null" >
        #{modified,jdbcType=TIMESTAMP},
      </if>
      <if test="sid != null" >
        #{sid,jdbcType=INTEGER},
      </if>
      <if test="picture != null" >
        #{picture,jdbcType=VARCHAR},
      </if>
      <if test="display != null" >
        #{display,jdbcType=INTEGER},
      </if>
    </trim>
  </insert>
  <update id="updateByPrimaryKeySelective" parameterType="com.cstp.pojo.ShopPicture" >
    update <include refid="table"/>
    <set >
      <if test="modified != null" >
        modified = #{modified,jdbcType=TIMESTAMP},
      </if>
      <if test="sid != null" >
        sid = #{sid,jdbcType=INTEGER},
      </if>
      <if test="picture != null" >
        picture = #{picture,jdbcType=VARCHAR},
      </if>
      <if test="display != null" >
        display = #{display,jdbcType=INTEGER},
      </if>
    </set>
    where id = #{id,jdbcType=INTEGER}
  </update>
  <update id="updateByPrimaryKey" parameterType="com.cstp.pojo.ShopPicture" >
    update
    <include refid="table"/>
    set modified = #{modified,jdbcType=TIMESTAMP},
      sid = #{sid,jdbcType=INTEGER},
      picture = #{picture,jdbcType=VARCHAR},
      display = #{display,jdbcType=INTEGER}
    where id = #{id,jdbcType=INTEGER}
  </update>
</mapper>