<?xml version="1.0" encoding="UTF-8" ?>
<!DOCTYPE mapper PUBLIC "-//mybatis.org//DTD Mapper 3.0//EN" "http://mybatis.org/dtd/mybatis-3-mapper.dtd" >
<mapper namespace="com.cstp.dao.ShopContextMapper" >
  <resultMap id="BaseResultMap" type="com.cstp.pojo.ShopContext" >
    <id column="id" property="id" jdbcType="INTEGER" />
    <result column="modified" property="modified" jdbcType="TIMESTAMP" />
    <result column="sid" property="sid" jdbcType="INTEGER" />
    <result column="context" property="context" jdbcType="VARCHAR" />
    <result column="display" property="display" jdbcType="INTEGER" />
    <result column="uid" property="uid" jdbcType="INTEGER" />
  </resultMap>

  <sql id="table">
    shopcontext
  </sql>

  <sql id="all" >
    id, modified, sid, context, display, uid
  </sql>
  <select id="selectByPrimaryKey" resultMap="BaseResultMap" parameterType="java.lang.Integer" >
    select
    <include refid="all" />
    from <include refid="table"/>
    where id = #{id,jdbcType=INTEGER}
  </select>
  <select id="getCounts" resultType="java.lang.Integer">
    select
    count(id)
    from <include refid="table"/>
    where sid = #{sid} and display = 1
  </select>
  <select id="findById" resultMap="BaseResultMap">
    select
    <include refid="all" />
    from <include refid="table"/>
    where sid = #{0} and display =1
    limit #{1},10
  </select>
  <delete id="deleteByPrimaryKey" parameterType="java.lang.Integer" >
    delete from <include refid="table"/>
    where id = #{id,jdbcType=INTEGER}
  </delete>
  <insert id="insert" parameterType="com.cstp.pojo.ShopContext" >
    insert into <include refid="table"/> (id, modified, sid,
    context, display, uid
    )
    values (#{id,jdbcType=INTEGER}, #{modified,jdbcType=TIMESTAMP}, #{sid,jdbcType=INTEGER},
    #{context,jdbcType=VARCHAR}, #{display,jdbcType=INTEGER}, #{uid,jdbcType=INTEGER}
    )
  </insert>
  <insert id="insertSelective" parameterType="com.cstp.pojo.ShopContext" >
    insert into <include refid="table"/>
    <trim prefix="(" suffix=")" suffixOverrides="," >
      <if test="id != null" >
        id,
      </if>
      <if test="modified != null" >
        modified,
      </if>
      <if test="sid != null" >
        sid,
      </if>
      <if test="context != null" >
        context,
      </if>
      <if test="display != null" >
        display,
      </if>
      <if test="uid != null" >
        uid,
      </if>
    </trim>
    <trim prefix="values (" suffix=")" suffixOverrides="," >
      <if test="id != null" >
        #{id,jdbcType=INTEGER},
      </if>
      <if test="modified != null" >
        #{modified,jdbcType=TIMESTAMP},
      </if>
      <if test="sid != null" >
        #{sid,jdbcType=INTEGER},
      </if>
      <if test="context != null" >
        #{context,jdbcType=VARCHAR},
      </if>
      <if test="display != null" >
        #{display,jdbcType=INTEGER},
      </if>
      <if test="uid != null" >
        #{uid,jdbcType=INTEGER},
      </if>
    </trim>
  </insert>
  <update id="updateByPrimaryKeySelective" parameterType="com.cstp.pojo.ShopContext" >
    update <include refid="table"/>
    <set >
      <if test="modified != null" >
        modified = #{modified,jdbcType=TIMESTAMP},
      </if>
      <if test="sid != null" >
        sid = #{sid,jdbcType=INTEGER},
      </if>
      <if test="context != null" >
        context = #{context,jdbcType=VARCHAR},
      </if>
      <if test="display != null" >
        display = #{display,jdbcType=INTEGER},
      </if>
      <if test="uid != null" >
        uid = #{uid,jdbcType=INTEGER},
      </if>
    </set>
    where id = #{id,jdbcType=INTEGER}
  </update>
  <update id="updateByPrimaryKey" parameterType="com.cstp.pojo.ShopContext" >
    update
    <include refid="table"/>
    set modified = #{modified,jdbcType=TIMESTAMP},
      sid = #{sid,jdbcType=INTEGER},
      context = #{context,jdbcType=VARCHAR},
      display = #{display,jdbcType=INTEGER},
      uid = #{uid,jdbcType=INTEGER}
    where id = #{id,jdbcType=INTEGER}
  </update>
</mapper>