<?xml version="1.0" encoding="UTF-8" ?>
<!DOCTYPE mapper PUBLIC "-//mybatis.org//DTD Mapper 3.0//EN" "http://mybatis.org/dtd/mybatis-3-mapper.dtd" >
<mapper namespace="com.cstp.dao.ShopCarMapper" >
  <resultMap id="BaseResultMap" type="com.cstp.pojo.ShopCar" >
    <id column="id" property="id" jdbcType="INTEGER" />
    <result column="modified" property="modified" jdbcType="TIMESTAMP" />
    <result column="display" property="display" jdbcType="INTEGER" />
    <result column="uid" property="uid" jdbcType="INTEGER" />
  </resultMap>

  <sql id="table">
    shopcar
  </sql>

  <sql id="all" >
    id, modified, display, uid
  </sql>
  <select id="selectByPrimaryKey" resultMap="BaseResultMap" parameterType="java.lang.Integer" >
    select 
    <include refid="all" />
    from <include refid="table"/>
    where id = #{id,jdbcType=INTEGER}
  </select>
  <select id="getCounts" resultType="java.lang.Integer" parameterType="java.lang.Integer">
    select
    count(id)
    from <include refid="table"/>
    where uid = #{uid,jdbcType=INTEGER} and display = 1
  </select>
  <!--<select id="selectByUid" resultMap="BaseResultMap">-->
    <!--SELECT-->
    <!--<include refid="all"/>-->
    <!--from <include refid="table"/>-->
    <!--where uid = #{uid,jdbcType=INTEGER}-->
    <!--limit 1-->
  <!--</select>-->
  <select id="selectByUid" resultMap="BaseResultMap">
    SELECT
    <include refid="all"/>
    from <include refid="table"/>
    where uid = #{uid,jdbcType=INTEGER} and display = 1  order by id DESC
  </select>
  <delete id="deleteByPrimaryKey" parameterType="java.lang.Integer" >
    delete from <include refid="table"/>
    where id = #{id,jdbcType=INTEGER}
  </delete>
  <insert id="insert" parameterType="com.cstp.pojo.ShopCar" >
    insert into <include refid="table"/> (id, modified, display,
      uid)
    values (#{id,jdbcType=INTEGER}, #{modified,jdbcType=TIMESTAMP}, #{display,jdbcType=INTEGER}, 
      #{uid,jdbcType=INTEGER})
  </insert>
  <insert id="insertSelective" parameterType="com.cstp.pojo.ShopCar" >
    insert into <include refid="table"/>
    <trim prefix="(" suffix=")" suffixOverrides="," >
      <if test="id != null" >
        id,
      </if>
      <if test="modified != null" >
        modified,
      </if>
      <if test="display != null" >
        display,
      </if>
      <if test="uid != null" >
        uid,
      </if>
    </trim>
    <trim prefix="values (" suffix=")" suffixOverrides="," >
      <if test="id != null" >
        #{id,jdbcType=INTEGER},
      </if>
      <if test="modified != null" >
        #{modified,jdbcType=TIMESTAMP},
      </if>
      <if test="display != null" >
        #{display,jdbcType=INTEGER},
      </if>
      <if test="uid != null" >
        #{uid,jdbcType=INTEGER},
      </if>
    </trim>
  </insert>
  <update id="updateByPrimaryKeySelective" parameterType="com.cstp.pojo.ShopCar" >
    update <include refid="table"/>
    <set >
      <if test="modified != null" >
        modified = #{modified,jdbcType=TIMESTAMP},
      </if>
      <if test="display != null" >
        display = #{display,jdbcType=INTEGER},
      </if>
      <if test="uid != null" >
        uid = #{uid,jdbcType=INTEGER},
      </if>
    </set>
    where id = #{id,jdbcType=INTEGER}
  </update>
  <update id="updateByPrimaryKey" parameterType="com.cstp.pojo.ShopCar" >
    update
    <include refid="table"/>
    set modified = #{modified,jdbcType=TIMESTAMP},
      display = #{display,jdbcType=INTEGER},
      uid = #{uid,jdbcType=INTEGER}
    where id = #{id,jdbcType=INTEGER}
  </update>
</mapper>