<?xml version="1.0" encoding="UTF-8" ?>
<!DOCTYPE mapper PUBLIC "-//mybatis.org//DTD Mapper 3.0//EN" "http://mybatis.org/dtd/mybatis-3-mapper.dtd" >
<mapper namespace="com.cstp.dao.ShopInformationMapper" >
  <resultMap id="BaseResultMap" type="com.cstp.pojo.ShopInformation" >
    <id column="id" property="id" jdbcType="INTEGER" />
    <result column="modified" property="modified" jdbcType="TIMESTAMP" />
    <result column="name" property="name" jdbcType="VARCHAR" />
    <result column="level" property="level" jdbcType="INTEGER" />
    <result column="remark" property="remark" jdbcType="VARCHAR" />
    <result column="price" property="price" jdbcType="DECIMAL" />
    <result column="sort" property="sort" jdbcType="INTEGER" />
    <result column="display" property="display" jdbcType="INTEGER" />
    <result column="quantity" property="quantity" jdbcType="INTEGER" />
    <result column="transaction" property="transaction" jdbcType="INTEGER" />
    <result column="sales" property="sales" jdbcType="INTEGER" />
    <result column="uid" property="uid" jdbcType="INTEGER" />
    <result column="image" property="image" jdbcType="VARCHAR" />
    <result column="thumbnails" property="thumbnails" jdbcType="VARCHAR" />
    <result column="seller_campus" property="sellerCampus" jdbcType="VARCHAR" />
    <result column="prefer_delivery" property="preferDelivery" jdbcType="VARCHAR" />
  </resultMap>

  <sql id="table">
    shopinformation
  </sql>

  <sql id="all" >
    id, modified, name, level, remark, price, sort, display, quantity, transaction, sales,
    uid, image,thumbnails, seller_campus, prefer_delivery
  </sql>
  
  <!-- 用于JOIN查询的字段列表，所有字段都添加表别名前缀 -->
  <sql id="allWithAlias" >
    s.id, s.modified, s.name, s.level, s.remark, s.price, s.sort, s.display, s.quantity, s.transaction, s.sales,
    s.uid, s.image, s.thumbnails, s.seller_campus, s.prefer_delivery
  </sql>
  <select id="selectByPrimaryKey" resultMap="BaseResultMap" >
    select 
    <include refid="all" />
    from <include refid="table"/>
    where id = #{id,jdbcType=INTEGER}
  </select>
  <select id="selectTen" resultMap="BaseResultMap" >
    select
    <include refid="all" />
    FROM <include refid="table"/>
    where display = 1 order by id desc
    limit #{start} , #{end}
  </select>
  <select id="selectOffShelf" resultMap="BaseResultMap">
    select
    <include refid="all" />
    from <include refid="table"/>
    where uid = #{0} and display = 0 order by id desc
    limit #{1},10
  </select>
  <select id="getCountsOfShelf" resultType="java.lang.Integer" >
    select count(id)
    from <include refid="table"/>
    where uid = #{uid,jdbcType=INTEGER} and display =0 order by id DESC
  </select>
  <select id="getCounts" resultType="java.lang.Integer">
    select count(id)
    from <include refid="table"/>
    where display =1
  </select>
  <select id="selectIdByImage" resultType="java.lang.Integer">
    select id
    from <include refid="table"/>
    where image = #{image,jdbcType=VARCHAR}
    limit 1
  </select>
  <select id="selectByName" resultMap="BaseResultMap">
    select
    <include refid="all" />
    from <include refid="table"/>
    where name LIKE CONCAT('%',#{name},'%') order by id desc
    limit 12
  </select>
  <delete id="deleteByPrimaryKey" parameterType="java.lang.Integer" >
    delete from <include refid="table"/>
    where id = #{id,jdbcType=INTEGER}
  </delete>
  <insert id="insert" parameterType="com.cstp.pojo.ShopInformation" >
    insert into <include refid="table"/> (id, modified, name,
      level, remark, price, 
      sort, display, quantity, 
      transaction, sales, uid,
      image,thumbnails)
    values (#{id,jdbcType=INTEGER}, #{modified,jdbcType=TIMESTAMP}, #{name,jdbcType=VARCHAR},
      #{level,jdbcType=INTEGER}, #{remark,jdbcType=VARCHAR}, #{price,jdbcType=DECIMAL},
      #{sort,jdbcType=INTEGER}, #{display,jdbcType=INTEGER}, #{quantity,jdbcType=INTEGER},
      #{transaction,jdbcType=INTEGER}, #{sales,jdbcType=INTEGER}, #{uid,jdbcType=INTEGER},
      #{image,jdbcType=VARCHAR}),#{thumbnails,jdbcType=VARCHAR}
  </insert>
  <insert id="insertSelective" parameterType="com.cstp.pojo.ShopInformation" >
    insert into <include refid="table"/>
    <trim prefix="(" suffix=")" suffixOverrides="," >
      <if test="id != null" >
        id,
      </if>
      <if test="modified != null" >
        modified,
      </if>
      <if test="name != null" >
        name,
      </if>
      <if test="level != null" >
        level,
      </if>
      <if test="remark != null" >
        remark,
      </if>
      <if test="price != null" >
        price,
      </if>
      <if test="sort != null" >
        sort,
      </if>
      <if test="display != null" >
        display,
      </if>
      <if test="quantity != null" >
        quantity,
      </if>
      <if test="transaction != null" >
        transaction,
      </if>
      <if test="sales != null" >
        sales,
      </if>
      <if test="uid != null" >
        uid,
      </if>
      <if test="image != null" >
        image,
      </if>
      <if test="thumbnails!=null">
        thumbnails,
      </if>
    </trim>
    <trim prefix="values (" suffix=")" suffixOverrides="," >
      <if test="id != null" >
        #{id,jdbcType=INTEGER},
      </if>
      <if test="modified != null" >
        #{modified,jdbcType=TIMESTAMP},
      </if>
      <if test="name != null" >
        #{name,jdbcType=VARCHAR},
      </if>
      <if test="level != null" >
        #{level,jdbcType=INTEGER},
      </if>
      <if test="remark != null" >
        #{remark,jdbcType=VARCHAR},
      </if>
      <if test="price != null" >
        #{price,jdbcType=DECIMAL},
      </if>
      <if test="sort != null" >
        #{sort,jdbcType=INTEGER},
      </if>
      <if test="display != null" >
        #{display,jdbcType=INTEGER},
      </if>
      <if test="quantity != null" >
        #{quantity,jdbcType=INTEGER},
      </if>
      <if test="transaction != null" >
        #{transaction,jdbcType=INTEGER},
      </if>
      <if test="sales != null" >
        #{sales,jdbcType=INTEGER},
      </if>
      <if test="uid != null" >
        #{uid,jdbcType=INTEGER},
      </if>
      <if test="image != null" >
        #{image,jdbcType=VARCHAR},
      </if>
      <if test="thumbnails!=null">
        #{thumbnails,jdbcType=VARCHAR},
      </if>
    </trim>
  </insert>
  <update id="updateByPrimaryKeySelective" parameterType="com.cstp.pojo.ShopInformation" >
    update <include refid="table"/>
    <set >
      <if test="modified != null" >
        modified = #{modified,jdbcType=TIMESTAMP},
      </if>
      <if test="name != null" >
        name = #{name,jdbcType=VARCHAR},
      </if>
      <if test="level != null" >
        level = #{level,jdbcType=INTEGER},
      </if>
      <if test="remark != null" >
        remark = #{remark,jdbcType=VARCHAR},
      </if>
      <if test="price != null" >
        price = #{price,jdbcType=DECIMAL},
      </if>
      <if test="sort != null" >
        sort = #{sort,jdbcType=INTEGER},
      </if>
      <if test="display != null" >
        display = #{display,jdbcType=INTEGER},
      </if>
      <if test="quantity != null" >
        quantity = #{quantity,jdbcType=INTEGER},
      </if>
      <if test="transaction != null" >
        transaction = #{transaction,jdbcType=INTEGER},
      </if>
      <if test="sales != null" >
        sales = #{sales,jdbcType=INTEGER},
      </if>
      <if test="uid != null" >
        uid = #{uid,jdbcType=INTEGER},
      </if>
      <if test="image != null" >
        image = #{image,jdbcType=VARCHAR},
      </if>
      <if test="thumbnails!=null">
        thumbnails=#{thumbnails,jdbcType=VARCHAR},
      </if>
    </set>
    where id = #{id,jdbcType=INTEGER}
  </update>
  <update id="updateByPrimaryKey" parameterType="com.cstp.pojo.ShopInformation" >
    update
    <include refid="table"/>
    set modified = #{modified,jdbcType=TIMESTAMP},
      name = #{name,jdbcType=VARCHAR},
      level = #{level,jdbcType=INTEGER},
      remark = #{remark,jdbcType=VARCHAR},
      price = #{price,jdbcType=DECIMAL},
      sort = #{sort,jdbcType=INTEGER},
      display = #{display,jdbcType=INTEGER},
      quantity = #{quantity,jdbcType=INTEGER},
      transaction = #{transaction,jdbcType=INTEGER},
      sales = #{sales,jdbcType=INTEGER},
      uid = #{uid,jdbcType=INTEGER},
      image = #{image,jdbcType=VARCHAR},
      thumbnails = #{thumbnails,jdbcType=VARCHAR}
    where id = #{id,jdbcType=INTEGER}
  </update>

  <!-- 根据分类统计成交订单的价格 -->
  <select id="selectPriceStatisticsBySort" resultType="java.util.HashMap" parameterType="java.lang.Integer">
    SELECT 
      MIN(si.price) as minPrice,
      MAX(si.price) as maxPrice,
      AVG(si.price) as avgPrice
    FROM goodsoforderform gof
    INNER JOIN shopinformation si ON gof.sid = si.id
    WHERE si.sort = #{sort,jdbcType=INTEGER}
      AND gof.display = 1
      AND si.display = 1
      AND si.price IS NOT NULL
      AND si.price > 0
  </select>

  <!-- 查询发布超过指定天数的商品 -->
  <select id="selectExpiredGoods" resultMap="BaseResultMap" parameterType="java.lang.Integer">
    SELECT
    <include refid="all"/>
    FROM
    <include refid="table"/>
    WHERE display = 1
      AND DATEDIFF(NOW(), modified) >= #{days,jdbcType=INTEGER}
    ORDER BY modified ASC
  </select>
  
  <!-- 多条件筛选商品 -->
  <select id="selectByMultiCondition" resultMap="BaseResultMap" parameterType="java.util.Map">
    SELECT
    <include refid="allWithAlias"/>
    FROM
    <include refid="table"/> s
    LEFT JOIN userinformation u ON s.uid = u.id
    <where>
      s.display = 1
      <!-- 支持第一层分类筛选（使用sortList）和第三层分类筛选（使用sort） -->
      <if test="sortList != null and sortList.size() > 0">
        AND s.sort IN
        <foreach collection="sortList" item="item" open="(" separator="," close=")">
          #{item}
        </foreach>
      </if>
      <if test="sort != null and sort != 0 and (sortList == null or sortList.size() == 0)">
        AND s.sort = #{sort,jdbcType=INTEGER}
      </if>
      <if test="campus != null and campus != ''">
        AND (s.seller_campus = #{campus,jdbcType=VARCHAR} OR (s.seller_campus IS NULL AND u.campus = #{campus,jdbcType=VARCHAR}))
      </if>
      <!-- 支持成色筛选，包括单个值和列表（用于"六成新以下"） -->
      <if test="levelList != null and levelList.size() > 0">
        AND s.level IN
        <foreach collection="levelList" item="item" open="(" separator="," close=")">
          #{item}
        </foreach>
      </if>
      <if test="level != null and level != 0 and (levelList == null or levelList.size() == 0)">
        AND s.level = #{level,jdbcType=INTEGER}
      </if>
    </where>
    ORDER BY s.modified DESC
    LIMIT #{start,jdbcType=INTEGER}, #{pageSize,jdbcType=INTEGER}
  </select>
  
  <!-- 获取多条件筛选的商品总数 -->
  <select id="countByMultiCondition" resultType="java.lang.Integer" parameterType="java.util.Map">
    SELECT
    COUNT(s.id)
    FROM
    <include refid="table"/> s
    LEFT JOIN userinformation u ON s.uid = u.id
    <where>
      s.display = 1
      <!-- 支持第一层分类筛选（使用sortList）和第三层分类筛选（使用sort） -->
      <if test="sortList != null and sortList.size() > 0">
        AND s.sort IN
        <foreach collection="sortList" item="item" open="(" separator="," close=")">
          #{item}
        </foreach>
      </if>
      <if test="sort != null and sort != 0 and (sortList == null or sortList.size() == 0)">
        AND s.sort = #{sort,jdbcType=INTEGER}
      </if>
      <if test="campus != null and campus != ''">
        AND (s.seller_campus = #{campus,jdbcType=VARCHAR} OR (s.seller_campus IS NULL AND u.campus = #{campus,jdbcType=VARCHAR}))
      </if>
      <!-- 支持成色筛选，包括单个值和列表（用于"六成新以下"） -->
      <if test="levelList != null and levelList.size() > 0">
        AND s.level IN
        <foreach collection="levelList" item="item" open="(" separator="," close=")">
          #{item}
        </foreach>
      </if>
      <if test="level != null and level != 0 and (levelList == null or levelList.size() == 0)">
        AND s.level = #{level,jdbcType=INTEGER}
      </if>
    </where>
  </select>
</mapper>