<?xml version="1.0" encoding="UTF-8" ?>
<!DOCTYPE mapper PUBLIC "-//mybatis.org//DTD Mapper 3.0//EN" "http://mybatis.org/dtd/mybatis-3-mapper.dtd" >
<mapper namespace="com.cstp.dao.UserPasswordMapper" >
  <resultMap id="BaseResultMap" type="com.cstp.pojo.UserPassword" >
    <id column="id" property="id" jdbcType="INTEGER" />
    <result column="modified" property="modified" jdbcType="TIMESTAMP" />
    <result column="password" property="password" jdbcType="VARCHAR" />
    <result column="uid" property="uid" jdbcType="INTEGER" />
  </resultMap>

  <sql id="table">
    userpassword
  </sql>

  <sql id="Base_Column_List" >
    id, modified, password, uid
  </sql>
  <select id="selectByPrimaryKey" resultMap="BaseResultMap" parameterType="java.lang.Integer" >
    select 
    <include refid="Base_Column_List" />
    from <include refid="table"/>
    where id = #{id,jdbcType=INTEGER}
  </select>
  <select id="selectByUid" resultMap="BaseResultMap"  parameterType="java.lang.Integer">
    select <include refid="Base_Column_List" />
    FROM  <include refid="table"/>
    where uid = #{uid,jdbcType=INTEGER}
    limit 1
  </select>
  <delete id="deleteByPrimaryKey" parameterType="java.lang.Integer" >
    delete from <include refid="table"/>
    where id = #{id,jdbcType=INTEGER}
  </delete>
  <insert id="insert" parameterType="com.cstp.pojo.UserPassword" >
    insert into <include refid="table"/> (id, modified, password,
      uid)
    values (#{id,jdbcType=INTEGER}, #{modified,jdbcType=TIMESTAMP}, #{password,jdbcType=VARCHAR}, 
      #{uid,jdbcType=INTEGER})
  </insert>
  <insert id="insertSelective" parameterType="com.cstp.pojo.UserPassword" >
    insert into <include refid="table"/>
    <trim prefix="(" suffix=")" suffixOverrides="," >
      <if test="id != null" >
        id,
      </if>
      <if test="modified != null" >
        modified,
      </if>
      <if test="password != null" >
        password,
      </if>
      <if test="uid != null" >
        uid,
      </if>
    </trim>
    <trim prefix="values (" suffix=")" suffixOverrides="," >
      <if test="id != null" >
        #{id,jdbcType=INTEGER},
      </if>
      <if test="modified != null" >
        #{modified,jdbcType=TIMESTAMP},
      </if>
      <if test="password != null" >
        #{password,jdbcType=VARCHAR},
      </if>
      <if test="uid != null" >
        #{uid,jdbcType=INTEGER},
      </if>
    </trim>
  </insert>
  <update id="updateByPrimaryKeySelective" parameterType="com.cstp.pojo.UserPassword" >
    update <include refid="table"/>
    <set >
      <if test="modified != null" >
        modified = #{modified,jdbcType=TIMESTAMP},
      </if>
      <if test="password != null" >
        password = #{password,jdbcType=VARCHAR},
      </if>
      <if test="uid != null" >
        uid = #{uid,jdbcType=INTEGER},
      </if>
    </set>
    where id = #{id,jdbcType=INTEGER}
  </update>
  <update id="updateByPrimaryKey" parameterType="com.cstp.pojo.UserPassword" >
    update
    <include refid="table"/>
    set modified = #{modified,jdbcType=TIMESTAMP},
      password = #{password,jdbcType=VARCHAR},
      uid = #{uid,jdbcType=INTEGER}
    where id = #{id,jdbcType=INTEGER}
  </update>
</mapper>