<?xml version="1.0" encoding="UTF-8" ?>
<!DOCTYPE mapper PUBLIC "-//mybatis.org//DTD Mapper 3.0//EN" "http://mybatis.org/dtd/mybatis-3-mapper.dtd" >
<mapper namespace="com.cstp.dao.UserWantMapper">
    <resultMap id="BaseResultMap" type="com.cstp.pojo.UserWant">
        <id column="id" property="id" jdbcType="INTEGER"/>
        <result column="modified" property="modified" jdbcType="TIMESTAMP"/>
        <result column="display" property="display" jdbcType="INTEGER"/>
        <result column="name" property="name" jdbcType="VARCHAR"/>
        <result column="sort" property="sort" jdbcType="INTEGER"/>
        <result column="quantity" property="quantity" jdbcType="INTEGER"/>
        <result column="uid" property="uid" jdbcType="INTEGER"/>
        <result column="price" property="price" jdbcType="DECIMAL"/>
        <result column="remark" property="remark" jdbcType="VARCHAR"/>
        <result column="requester_campus" property="requesterCampus" jdbcType="VARCHAR"/>
    </resultMap>
    
    <sql id="table">
        userwant
    </sql>
    
    <sql id="all">
        id, modified, display, name, sort, quantity, price, remark, uid
    </sql>
    <select id="selectByPrimaryKey" resultMap="BaseResultMap" parameterType="java.lang.Integer">
        select
        <include refid="all"/>
        from userwant
        where id = #{id,jdbcType=INTEGER}
    </select>
    <select id="getCounts" resultType="java.lang.Integer">
        select count(id)
        from userwant
        where uid = #{uid,jdbcType=INTEGER}
          and display = 1
    </select>
    <select id="selectAll" resultMap="BaseResultMap">
        SELECT
        <include refid="all"/>
        from userwant
        where display=1 order by id desc limit 12
    </select>
    <select id="selectByUid" resultMap="BaseResultMap">
        select
        <include refid="all"/>
        from
        userwant
        where uid = #{0} and display = 1
        limit #{1},10
    </select>
    <delete id="deleteByPrimaryKey" parameterType="java.lang.Integer">
        delete
        from userwant
        where id = #{id,jdbcType=INTEGER}
    </delete>
    <insert id="insert" parameterType="com.cstp.pojo.UserWant">
        insert into userwant (id, modified, display, name, sort, quantity, price, remark, uid)
        values (#{id,jdbcType=INTEGER},
                #{modified,jdbcType=TIMESTAMP},
                #{display,jdbcType=INTEGER},
                #{name,jdbcType=VARCHAR},
                #{sort,jdbcType=INTEGER},
                #{quantity,jdbcType=INTEGER},
                #{price,jdbcType=DECIMAL},
                #{remark,jdbcType=VARCHAR}),
               #{uid,jdbcType=INTEGER}
    </insert>
    <insert id="insertSelective" parameterType="com.cstp.pojo.UserWant">
        insert into userwant
        <trim prefix="(" suffix=")" suffixOverrides=",">
            <if test="id != null">
                id,
            </if>
            <if test="modified != null">
                modified,
            </if>
            <if test="display != null">
                display,
            </if>
            <if test="name != null">
                name,
            </if>
            <if test="sort != null">
                sort,
            </if>
            <if test="quantity != null">
                quantity,
            </if>
            <if test="price != null">
                price,
            </if>
            <if test="remark != null">
                remark,
            </if>
            <if test="uid != null">
                uid,
            </if>
        </trim>
        <trim prefix="values (" suffix=")" suffixOverrides=",">
            <if test="id != null">
                #{id,jdbcType=INTEGER},
            </if>
            <if test="modified != null">
                #{modified,jdbcType=TIMESTAMP},
            </if>
            <if test="display != null">
                #{display,jdbcType=INTEGER},
            </if>
            <if test="name != null">
                #{name,jdbcType=VARCHAR},
            </if>
            <if test="sort != null">
                #{sort,jdbcType=INTEGER},
            </if>
            <if test="quantity != null">
                #{quantity,jdbcType=INTEGER},
            </if>
            <if test="price != null">
                #{price,jdbcType=DECIMAL},
            </if>
            <if test="remark != null">
                #{remark,jdbcType=VARCHAR},
            </if>
            <if test="uid != null">
                #{uid,jdbcType=INTEGER},
            </if>
        </trim>
    </insert>
    <update id="updateByPrimaryKeySelective" parameterType="com.cstp.pojo.UserWant">
        update userwant
        <set>
            <if test="modified != null">
                modified = #{modified,jdbcType=TIMESTAMP},
            </if>
            <if test="display != null">
                display = #{display,jdbcType=INTEGER},
            </if>
            <if test="name != null">
                name = #{name,jdbcType=VARCHAR},
            </if>
            <if test="sort != null">
                sort = #{sort,jdbcType=INTEGER},
            </if>
            <if test="quantity != null">
                quantity = #{quantity,jdbcType=INTEGER},
            </if>
            <if test="price != null">
                price = #{price,jdbcType=DECIMAL},
            </if>
            <if test="remark != null">
                remark = #{remark,jdbcType=VARCHAR},
            </if>
            <if test="uid != null">
                uid = #{uid,jdbcType=INTEGER},
            </if>
        </set>
        where id = #{id,jdbcType=INTEGER}
    </update>
    <update id="updateByPrimaryKey" parameterType="com.cstp.pojo.UserWant">
        update userwant
        set modified = #{modified,jdbcType=TIMESTAMP},
            display  = #{display,jdbcType=INTEGER},
            name     = #{name,jdbcType=VARCHAR},
            sort     = #{sort,jdbcType=INTEGER},
            quantity = #{quantity,jdbcType=INTEGER},
            price    = #{price,jdbcType=DECIMAL},
            remark   = #{remark,jdbcType=VARCHAR},
            uid      = #{uid,jdbcType=INTEGER}
        where id = #{id,jdbcType=INTEGER}
    </update>

    <!-- 根据商品名称（模糊匹配）和分类ID查询求购信息 -->
    <select id="selectByNameAndSort" resultMap="BaseResultMap">
        select
        <include refid="all"/>
        from
        <include refid="table"/>
        where display = 1
          and sort = #{sort,jdbcType=INTEGER}
          and name like concat('%', #{name,jdbcType=VARCHAR}, '%')
        order by id desc
    </select>
</mapper>