<?xml version="1.0" encoding="UTF-8" ?>
<!DOCTYPE mapper PUBLIC "-//mybatis.org//DTD Mapper 3.0//EN" "http://mybatis.org/dtd/mybatis-3-mapper.dtd" >
<mapper namespace="com.cstp.dao.UserStateMapper" >
  <resultMap id="BaseResultMap" type="com.cstp.pojo.UserState" >
    <id column="id" property="id" jdbcType="INTEGER" />
    <result column="credit" property="credit" jdbcType="INTEGER" />
    <result column="balance" property="balance" jdbcType="DECIMAL" />
    <result column="modified" property="modified" jdbcType="TIMESTAMP" />
    <result column="uid" property="uid" jdbcType="INTEGER" />
  </resultMap>

  <sql id="table">
    userstate
  </sql>

  <sql id="all" >
    id, credit, balance, modified, uid
  </sql>
  <select id="selectByPrimaryKey" resultMap="BaseResultMap" parameterType="java.lang.Integer" >
    select 
    <include refid="all" />
    from <include refid="table"/>
    where id = #{id,jdbcType=INTEGER}
  </select>
  <select id="selectByUid" resultMap="BaseResultMap">
    select
    <include refid="all" />
    from <include refid="table"/>
    where uid = #{uid,jdbcType=INTEGER}
    limit 1
  </select>
  <delete id="deleteByPrimaryKey" parameterType="java.lang.Integer" >
    delete from <include refid="table"/>
    where id = #{id,jdbcType=INTEGER}
  </delete>
  <insert id="insert" parameterType="com.cstp.pojo.UserState" >
    insert into <include refid="table"/> (id, credit, balance,
      modified, uid)
    values (#{id,jdbcType=INTEGER}, #{credit,jdbcType=INTEGER}, #{balance,jdbcType=DECIMAL}, 
      #{modified,jdbcType=TIMESTAMP}, #{uid,jdbcType=INTEGER})
  </insert>
  <insert id="insertSelective" parameterType="com.cstp.pojo.UserState" >
    insert into <include refid="table"/>
    <trim prefix="(" suffix=")" suffixOverrides="," >
      <if test="id != null" >
        id,
      </if>
      <if test="credit != null" >
        credit,
      </if>
      <if test="balance != null" >
        balance,
      </if>
      <if test="modified != null" >
        modified,
      </if>
      <if test="uid != null" >
        uid,
      </if>
    </trim>
    <trim prefix="values (" suffix=")" suffixOverrides="," >
      <if test="id != null" >
        #{id,jdbcType=INTEGER},
      </if>
      <if test="credit != null" >
        #{credit,jdbcType=INTEGER},
      </if>
      <if test="balance != null" >
        #{balance,jdbcType=DECIMAL},
      </if>
      <if test="modified != null" >
        #{modified,jdbcType=TIMESTAMP},
      </if>
      <if test="uid != null" >
        #{uid,jdbcType=INTEGER},
      </if>
    </trim>
  </insert>
  <update id="updateByPrimaryKeySelective" parameterType="com.cstp.pojo.UserState" >
    update <include refid="table"/>
    <set >
      <if test="credit != null" >
        credit = #{credit,jdbcType=INTEGER},
      </if>
      <if test="balance != null" >
        balance = #{balance,jdbcType=DECIMAL},
      </if>
      <if test="modified != null" >
        modified = #{modified,jdbcType=TIMESTAMP},
      </if>
      <if test="uid != null" >
        uid = #{uid,jdbcType=INTEGER},
      </if>
    </set>
    where id = #{id,jdbcType=INTEGER}
  </update>
  <update id="updateByPrimaryKey" parameterType="com.cstp.pojo.UserState" >
    update
    <include refid="table"/>
    set credit = #{credit,jdbcType=INTEGER},
      balance = #{balance,jdbcType=DECIMAL},
      modified = #{modified,jdbcType=TIMESTAMP},
      uid = #{uid,jdbcType=INTEGER}
    where id = #{id,jdbcType=INTEGER}
  </update>
</mapper>