<?xml version="1.0" encoding="UTF-8" ?>
<!DOCTYPE mapper PUBLIC "-//mybatis.org//DTD Mapper 3.0//EN" "http://mybatis.org/dtd/mybatis-3-mapper.dtd" >
<mapper namespace="com.cstp.dao.WantContextMapper" >
  <resultMap id="BaseResultMap" type="com.cstp.pojo.WantContext" >
    <id column="id" property="id" jdbcType="INTEGER" />
    <result column="modified" property="modified" jdbcType="TIMESTAMP" />
    <result column="uwid" property="uwid" jdbcType="INTEGER" />
    <result column="context" property="context" jdbcType="VARCHAR" />
    <result column="display" property="display" jdbcType="INTEGER" />
  </resultMap>

  <sql id="table">
    wantcontext
  </sql>

  <sql id="all" >
    id, modified, uwid, context, display
  </sql>
  <select id="selectByPrimaryKey" resultMap="BaseResultMap" parameterType="java.lang.Integer" >
    select 
    <include refid="all" />
    from <include refid="table"/>
    where id = #{id,jdbcType=INTEGER}
  </select>
  <select id="selectByUWid" resultMap="BaseResultMap">
    select
    <include refid="all"/>
    from <include refid="table"/>
    where uwid = #{0} order by id DESC
    limit #{1},10
  </select>
  <select id="getCounts" resultType="java.lang.Integer">
    select count(id)
    from <include refid="table"/>
    where uwid=#{uwid,jdbcType=INTEGER}
  </select>
  <delete id="deleteByPrimaryKey" parameterType="java.lang.Integer" >
    delete from <include refid="table"/>
    where id = #{id,jdbcType=INTEGER}
  </delete>
  <insert id="insert" parameterType="com.cstp.pojo.WantContext" >
    insert into <include refid="table"/> (id, modified, uwid,
      context, display)
    values (#{id,jdbcType=INTEGER}, #{modified,jdbcType=TIMESTAMP}, #{uwid,jdbcType=INTEGER}, 
      #{context,jdbcType=VARCHAR}, #{display,jdbcType=INTEGER})
  </insert>
  <insert id="insertSelective" parameterType="com.cstp.pojo.WantContext" >
    insert into <include refid="table"/>
    <trim prefix="(" suffix=")" suffixOverrides="," >
      <if test="id != null" >
        id,
      </if>
      <if test="modified != null" >
        modified,
      </if>
      <if test="uwid != null" >
        uwid,
      </if>
      <if test="context != null" >
        context,
      </if>
      <if test="display != null" >
        display,
      </if>
    </trim>
    <trim prefix="values (" suffix=")" suffixOverrides="," >
      <if test="id != null" >
        #{id,jdbcType=INTEGER},
      </if>
      <if test="modified != null" >
        #{modified,jdbcType=TIMESTAMP},
      </if>
      <if test="uwid != null" >
        #{uwid,jdbcType=INTEGER},
      </if>
      <if test="context != null" >
        #{context,jdbcType=VARCHAR},
      </if>
      <if test="display != null" >
        #{display,jdbcType=INTEGER},
      </if>
    </trim>
  </insert>
  <update id="updateByPrimaryKeySelective" parameterType="com.cstp.pojo.WantContext" >
    update <include refid="table"/>
    <set >
      <if test="modified != null" >
        modified = #{modified,jdbcType=TIMESTAMP},
      </if>
      <if test="uwid != null" >
        uwid = #{uwid,jdbcType=INTEGER},
      </if>
      <if test="context != null" >
        context = #{context,jdbcType=VARCHAR},
      </if>
      <if test="display != null" >
        display = #{display,jdbcType=INTEGER},
      </if>
    </set>
    where id = #{id,jdbcType=INTEGER}
  </update>
  <update id="updateByPrimaryKey" parameterType="com.cstp.pojo.WantContext" >
    update
    <include refid="table"/>
    set modified = #{modified,jdbcType=TIMESTAMP},
      uwid = #{uwid,jdbcType=INTEGER},
      context = #{context,jdbcType=VARCHAR},
      display = #{display,jdbcType=INTEGER}
    where id = #{id,jdbcType=INTEGER}
  </update>
</mapper>